Workbook
Name Nr: 'Analysis of project risks'!$A$7
Name RZ: 'Analysis of project risks'!$J$9:$J$27
Name Status: 'Analysis of project risks'!$N$9:$N$27

Sheet Cover sheet
A1: Risk Analysis M&A | C1: IT-as-is Manager | D1: Name
C2: IT-Project Manager | D2: Name
A3: - Cover Sheet - | C3: PMI-Lead | D3: Name
B5: Information about the project and the risk analysis:
B6: Actions are tracked in
B10: Further information:
B15: Participants of latest meeting/update of risk analysis:
B16: Participant | D16: Department | F16: Function
F17: PMI-Lead
F18: IT-Project Manager
F19: PjQM
F20: Technical expert from project team
B29: The required signature of the risk analysis (PjM and PjQM) is covered by the signature of the respective QA.
B30: Document History:
B31: Change | D31: Version | E31: Date | F31: Changed by
D34: …
B47: The risk analysis has to be updated regularly during the whole merger duration - The different states have to be versioned -

Sheet Analysis of project risks
A1: Analysis of as-is operation risks | K1: RZ statistic | M1: Please insert rows exclusively over button!
A2: ='Cover sheet'!C1 -> IT-as-is Manager | D2: ='Cover sheet'!D1 -> Name | F2: ='[1]Cover sheet'!F1 -> 0 | G2: ='[1]Cover sheet'!G1 -> 0 | K2: Threshold: | L2: 12
A3: ='Cover sheet'!C2 -> IT-Project Manager | D3: ='Cover sheet'!D2 -> Name | F3: ='[1]Cover sheet'!F2 -> 0 | G3: ='[1]Cover sheet'!G2 -> 0 | K3: Risks higher than or equal to threshold: | L3: =COUNTIF(J9:J489,">="&L2) -> 0
A4: ='Cover sheet'!C3 -> PMI-Lead | D4: ='Cover sheet'!D3 -> Name | F4: ='[1]Cover sheet'!F3 -> 0 | G4: ='[1]Cover sheet'!G3 -> 0
A7: No. | B7: Sub- project (optional) | C7: Entry Date of Risk | D7: Risk category | E7: Risk (concrete, understandable description) | F7: Effects (corresponds with T=Sign. of effects (column I)) | G7: Causes | H7: W | I7: T | J7: RZ | K7: Actions (preventive and counter measures) | L7: Responsible | M7: Deadline | N7: Status of action | O7: Remarks / notes [optional] (e.g., critical general conditions; already planned actions)
A9: 1 | J9: =$H9*$I9 -> 0
A10: 2 | J10: =$H10*$I10 -> 0
A11: 3 | J11: =$H11*$I11 -> 0
A12: 4 | J12: =$H12*$I12 -> 0
A13: 5 | J13: =$H13*$I13 -> 0
A14: 6 | J14: =$H14*$I14 -> 0
A15: 7 | J15: =$H15*$I15 -> 0
A16: 8 | J16: =$H16*$I16 -> 0
A17: 9 | J17: =$H17*$I17 -> 0
A18: 10 | J18: =$H18*$I18 -> 0
A19: 11 | J19: =$H19*$I19 -> 0
A20: 12 | J20: =$H20*$I20 -> 0
... A23: 15 | J23: =$H23*$I23 -> 0
J24: =$H24*$I24 -> 0
J25: =$H25*$I25 -> 0
J26: =$H26*$I26 -> 0
J27: =$H27*$I27 -> 0

Sheet Explanation_History
B2: Information about method/template
B3: Scope of risk analysis: (Attention: Procedure partly changed compared to previous template version!) | E3: Project risks can generally be differed by product risks (e.g. product suitability, general conditions of product) and process risks (e.g. project management; development process or process of producing the project result). In the risk analysis both has to be covered.
B4: Update: Cycle and versions | E4: The risk analysis has to be updated regularly during the whole project duration - at least to each QA. The different states have to be versioned - the currently latest version has to be filed with the respective QA.
B5: Update: Procedure (Attention: Procedure partly changed compared to previous template version!) | E5: Updating the risk analysis, existing risks will be reassessed and new risk will be listed in the overview. By reassessing existing risks, the existing values can be overwritten with the new values because previous values are saved in the different versions of the document. Therefor old versions of the risk analysis have to be archived with the project documentation.
B6: Definition of actions (Attention: Procedure partly changed compared to previous template version!) | E6: At least for risks whose risk figure (RZ) is higher than or equal to the threshold value of 12, an action or a reason why no action is defined has to be named. It is recommended to define actions also to risks with high significance of effects (T). The threshold can be lowered (e.g. from 12 to 9) but not increased for the single project. To every action a responsible person and deadline have to be named.
B7: Tracking of risks and actions (Attention:Procedure partly changed compared to previous template version!) | E7: The document in which the actions are tracked has to be named in the cover sheet. Actions have to be done on schedule (requirement of C/AU)! If an action is processed and the status is set on 'completed', the risk has to be reassessed. Therefore the old values can simply be overwritten. If an action lowers the former significance of effects (T) of the risk, not only the value of T but also the effects (verbal description column F) have to be overwritten. If a risk is still high after completion of the action, a new action has to be defined. Traceability of the actions and their completion is given by the recording of the different versions of the risk analysis.
B8: Documentation | E8: To ensure the traceability of the risk analysis (requirement of C/AU), - the docment history (cover sheet) and - the column " entry date of risk" (for later listed risks) have to be filled in.
E9: If risks are escalated, this has to be definde as an action.
B10: Information about the makros | E10: To ensure the consistency of the template it is absolutely necessary that new lines are inserted exclusively about the button "New line".
B11: Additional Information about risk categories | E11: Explanation "Business Risk": Risk that the business processes of the customers do not work as needed
B13: Risk assessment:
C14: W - Probability of occurrence: | E14: 5 = very high 4 = high 3 = medium 2 = low 1 = unlikely
C15: T - Significance of effects: | E15: 5 = very severe 4 = severe 3 = medium 2 = low 1 = none
C16: RZ - Risk figure | E16: The risk figure supports the prioritization of risks and is the result of the product of W and T (RZ = W x T).
B19: Document History Template "AS-IS operation Risk Analysis"
B21: Version | C21: Release Date | D21: Author | E21: Description of Changes
B22: 1.0 | C22: 44725 | D22: BD/MIL-MIA Ladenburgerr | E22: Adaption to new BD-organisation
E23: Changes of Content:
E24: first version: Risk analysis template based on project risk analysis
